method,dataset,sequence,frames,MPE_m,MedPE_m,MOE_deg,MedOE_deg,recall@10m,recall@9m,recall@8m,recall@7m,recall@6m,recall@5m,recall@4m,recall@3m,recall@2m,recall@1m
PointLoc,Oxford,15-13-06-37,36109,16.08,11.58,2.26,1.07,39.93,33.41,26.63,20.6,15.02,9.94,5.93,2.76,0.93,0.14
PointLoc,Oxford,17-13-26-39,42778,16.22,11.61,2.5,1.53,41.13,35.19,28.63,21.79,15.19,9.29,4.9,2.01,0.51,0.04
PointLoc,Oxford,17-14-03-00,43705,14.86,11.6,1.92,1.04,40.89,34.58,27.92,21.14,14.53,8.8,4.27,1.63,0.42,0.04
PointLoc,Oxford,18-14-14-42,37109,12.99,10.21,1.98,1.15,48.63,42.07,34.67,26.78,19.7,13.37,8.1,4.1,1.42,0.16
PointLoc,QEOxford,15-13-06-37,36109,10.61,8.08,2.36,1.43,63.76,57.23,49.41,41.0,32.62,24.63,17.04,10.17,4.74,1.22
PointLoc,QEOxford,17-13-26-39,42778,11.44,8.08,2.21,1.31,63.88,57.15,49.31,40.81,32.04,23.27,15.74,9.44,4.46,1.04
PointLoc,QEOxford,17-14-03-00,43705,10.9,8.16,1.92,1.46,62.94,56.12,48.72,41.21,33.24,25.19,17.17,10.17,4.59,1.1
PointLoc,QEOxford,18-14-14-42,37109,9.51,7.46,2.07,1.5,68.24,61.79,54.37,46.08,37.17,28.01,19.29,11.52,5.45,1.32
PointLoc,NCLT,2012-02-12,25546,7.23,5.44,4.88,3.13,83.17,78.33,72.24,64.7,55.59,45.42,34.52,22.65,11.39,3.23
PointLoc,NCLT,2012-02-19,26543,6.31,5.03,3.89,2.87,86.0,81.67,75.86,68.73,59.96,49.59,37.87,25.65,13.2,3.55
PointLoc,NCLT,2012-03-31,26205,6.71,5.25,4.32,2.94,85.49,80.81,74.88,67.1,57.62,47.19,35.33,22.89,11.95,3.24
PointLoc,NCLT,2012-05-26,26240,9.55,5.61,5.21,3.14,79.54,75.07,69.19,62.02,53.8,43.97,33.29,21.92,11.27,3.06
PosePN,Oxford,15-13-06-37,36109,14.32,4.84,3.04,0.71,82.39,79.96,76.28,71.17,63.42,52.29,37.4,21.59,8.22,1.16
PosePN,Oxford,17-13-26-39,42778,16.97,5.46,2.49,0.75,76.33,73.39,69.58,64.36,56.0,43.9,29.26,15.41,5.1,0.66
PosePN,Oxford,17-14-03-00,43705,13.42,5.23,2.62,0.79,80.32,77.79,74.08,68.45,59.62,46.38,29.0,13.66,4.89,0.86
PosePN,Oxford,18-14-14-42,37109,9.14,3.43,1.8,0.82,88.68,86.9,84.46,80.99,76.15,69.14,58.52,41.95,19.37,2.77
PosePN,QEOxford,15-13-06-37,36109,9.47,3.58,2.8,0.86,89.07,87.57,85.23,81.66,76.11,68.19,56.12,41.13,24.79,8.24
PosePN,QEOxford,17-13-26-39,42778,12.98,3.47,2.35,0.92,86.54,84.88,82.43,79.21,74.54,67.34,56.99,42.6,24.31,7.14
PosePN,QEOxford,17-14-03-00,43705,8.63,3.29,2.19,0.91,88.1,86.65,84.68,81.72,77.17,70.27,59.92,45.38,27.36,8.77
PosePN,QEOxford,18-14-14-42,37109,6.26,2.92,1.64,0.95,92.65,91.51,89.9,87.55,83.78,77.49,66.65,51.5,31.52,9.8
PosePN,NCLT,2012-02-12,25546,9.45,2.17,7.47,2.31,86.12,84.62,82.91,80.92,78.13,74.59,69.41,61.29,46.69,20.94
PosePN,NCLT,2012-02-19,26543,6.15,1.66,5.05,1.92,91.64,90.97,90.14,89.1,87.63,85.21,81.47,74.16,59.11,27.28
PosePN,NCLT,2012-03-31,26205,5.79,1.6,5.28,1.91,93.54,93.05,92.49,91.75,90.52,88.54,84.91,77.41,60.68,27.8
PosePN,NCLT,2012-05-26,26240,12.31,1.97,7.42,2.13,87.54,86.68,85.61,84.28,82.48,79.79,74.97,66.67,50.76,22.77
PosePN++,Oxford,15-13-06-37,36109,7.75,5.16,1.99,1.12,88.22,85.55,81.23,73.98,62.71,47.35,30.9,15.96,5.74,0.78
PosePN++,Oxford,17-13-26-39,42778,10.66,5.87,1.92,1.07,81.13,76.93,71.08,62.87,51.65,37.76,22.86,9.59,2.44,0.26
PosePN++,Oxford,17-14-03-00,43705,7.55,5.38,1.54,1.07,88.07,84.85,79.61,71.38,59.24,43.81,26.8,12.73,4.07,0.4
PosePN++,Oxford,18-14-14-42,37109,6.6,4.11,1.71,1.27,93.02,91.17,88.21,83.34,75.37,63.82,48.09,27.32,10.19,1.51
PosePN++,QEOxford,15-13-06-37,36109,4.54,3.51,1.83,1.13,96.49,95.41,93.39,89.81,83.03,72.47,58.22,40.67,22.68,6.56
PosePN++,QEOxford,17-13-26-39,42778,6.44,3.39,1.78,1.03,96.42,95.53,93.62,90.04,84.23,74.13,60.38,42.46,21.65,6.06
PosePN++,QEOxford,17-14-03-00,43705,4.89,3.33,1.54,1.07,95.4,94.31,92.27,88.89,82.97,73.49,60.81,44.02,24.75,6.87
PosePN++,QEOxford,18-14-14-42,37109,4.64,3.36,1.61,1.16,97.47,96.62,94.96,91.49,85.12,74.52,60.99,43.09,23.89,6.61
PosePN++,NCLT,2012-02-12,25546,4.97,2.86,3.75,2.02,95.44,94.36,92.85,90.56,86.77,80.67,70.0,53.05,30.19,8.56
PosePN++,NCLT,2012-02-19,26543,3.69,2.74,2.65,1.81,96.76,95.9,94.56,91.9,87.47,81.08,71.37,55.71,32.05,9.6
PosePN++,NCLT,2012-03-31,26205,4.35,2.75,3.38,1.88,96.58,95.99,95.03,93.1,89.09,82.3,72.18,55.49,32.1,10.18
PosePN++,NCLT,2012-05-26,26240,8.42,2.96,4.3,2.0,91.51,90.3,88.52,86.06,81.98,76.01,66.22,50.8,29.55,9.45
PoseMinkLoc,Oxford,15-13-06-37,36109,11.98,4.02,2.45,0.62,85.87,84.27,82.19,78.95,73.58,64.45,49.54,29.17,11.38,1.51
PoseMinkLoc,Oxford,17-13-26-39,42778,14.24,4.71,2.42,0.68,85.45,83.47,80.63,76.15,68.36,54.35,37.72,18.11,4.26,0.39
PoseMinkLoc,Oxford,17-14-03-00,43705,12.35,4.64,2.46,0.71,85.43,83.52,80.71,76.39,68.87,55.99,37.2,19.11,7.71,1.53
PoseMinkLoc,Oxford,18-14-14-42,37109,10.06,3.13,2.15,0.78,90.93,89.97,88.49,85.53,80.89,74.48,64.12,46.87,23.83,4.27
PoseMinkLoc,QEOxford,15-13-06-37,36109,6.77,2.21,1.84,0.72,93.1,92.22,91.23,90.09,88.32,85.14,79.01,66.99,44.4,15.71
PoseMinkLoc,QEOxford,17-13-26-39,42778,8.84,2.33,1.83,0.73,92.49,91.61,90.62,89.26,87.18,83.67,76.88,62.93,42.15,15.66
PoseMinkLoc,QEOxford,17-14-03-00,43705,8.08,2.12,1.69,0.79,92.18,91.61,90.8,89.69,87.89,84.82,79.28,68.11,47.16,19.56
PoseMinkLoc,QEOxford,18-14-14-42,37109,6.56,1.91,2.06,0.89,95.12,94.71,94.23,93.52,92.32,89.94,84.9,74.06,52.49,22.49
PoseMinkLoc,NCLT,2012-02-12,25546,6.24,2.03,5.03,2.27,92.13,90.99,89.57,87.78,85.29,81.48,75.42,65.61,49.28,21.64
PoseMinkLoc,NCLT,2012-02-19,26543,4.87,1.66,3.94,2.07,95.07,94.46,93.62,92.6,91.19,88.82,84.7,76.46,59.14,26.73
PoseMinkLoc,NCLT,2012-03-31,26205,4.23,1.76,4.03,2.05,95.29,94.76,94.12,93.21,91.74,88.99,83.9,74.67,56.28,24.06
PoseMinkLoc,NCLT,2012-05-26,26240,9.32,1.94,6.11,2.25,89.85,89.15,88.06,86.79,84.75,81.74,76.32,67.21,51.22,23.19
PoseSOE,Oxford,15-13-06-37,36109,7.6,6.04,1.94,1.17,86.68,81.23,73.1,62.46,49.49,35.37,21.9,10.44,3.37,0.35
PoseSOE,Oxford,17-13-26-39,42778,10.39,6.19,2.08,1.26,79.73,74.15,67.03,58.78,47.63,33.38,19.33,8.11,2.4,0.25
PoseSOE,Oxford,17-14-03-00,43705,9.17,6.06,2.06,1.21,81.48,75.43,68.2,59.46,49.29,36.72,22.24,10.43,3.35,0.4
PoseSOE,Oxford,18-14-14-42,37109,7.09,5.05,1.84,1.29,90.12,86.09,80.13,72.14,61.61,49.44,34.47,18.49,6.34,0.99
PoseSOE,QEOxford,15-13-06-37,36109,4.17,2.94,1.76,1.08,96.9,96.16,94.95,92.68,88.86,81.78,69.48,51.24,29.23,8.68
PoseSOE,QEOxford,17-13-26-39,42778,6.16,2.85,1.81,1.09,94.91,94.14,93.05,91.31,88.11,82.14,71.06,53.29,29.74,8.94
PoseSOE,QEOxford,17-14-03-00,43705,5.42,2.72,1.87,1.11,95.72,95.11,94.07,92.35,89.31,83.66,73.02,55.91,32.74,10.67
PoseSOE,QEOxford,18-14-14-42,37109,4.16,2.5,1.7,1.14,97.72,97.27,96.5,94.99,92.48,87.31,77.92,61.17,37.93,11.53
PoseSOE,NCLT,2012-02-12,25546,13.09,3.57,8.05,2.84,82.02,80.13,77.66,74.46,70.07,63.77,54.92,42.94,26.59,8.86
PoseSOE,NCLT,2012-02-19,26543,6.16,2.87,4.51,2.44,91.8,90.54,88.63,85.98,82.08,76.01,66.54,52.23,32.27,10.35
PoseSOE,NCLT,2012-03-31,26205,5.24,2.81,4.56,2.44,94.06,93.08,91.45,88.93,85.07,78.69,68.79,53.37,32.87,10.63
PoseSOE,NCLT,2012-05-26,26240,11.51,3.31,7.85,2.84,86.3,84.65,82.46,79.17,74.8,68.24,58.84,45.34,27.84,9.05
HypLiLoc,Oxford,15-13-06-37,36101,6.91,3.72,1.07,0.6,92.66,91.44,89.52,86.09,78.48,67.82,54.23,37.48,18.79,2.98
HypLiLoc,Oxford,17-13-26-39,42778,7.68,4.74,1.69,0.62,92.46,90.61,87.58,82.72,74.15,55.49,34.34,14.47,5.09,0.63
HypLiLoc,Oxford,17-14-03-00,43695,5.82,4.5,0.97,0.54,94.13,92.93,90.85,86.89,76.77,60.36,39.37,19.32,6.17,0.62
HypLiLoc,Oxford,18-14-14-42,37099,3.57,2.77,0.79,0.55,97.88,97.33,96.65,95.37,92.93,88.42,79.45,56.93,27.24,3.83
HypLiLoc,QEOxford,15-13-06-37,36109,5.51,2.13,1.51,0.73,94.3,93.71,92.84,91.39,88.59,83.93,77.21,65.81,43.49,13.9
HypLiLoc,QEOxford,17-13-26-39,42778,4.72,2.11,1.53,0.7,95.13,94.47,93.34,91.14,88.3,84.16,77.07,65.67,45.14,13.03
HypLiLoc,QEOxford,17-14-03-00,43705,4.05,2.11,1.19,0.75,95.87,95.11,94.06,92.13,88.99,84.75,77.97,65.87,45.2,15.14
HypLiLoc,QEOxford,18-14-14-42,37109,2.87,2.0,1.03,0.8,97.97,97.59,96.96,95.76,93.15,88.91,82.7,71.16,49.3,17.3
HypLiLoc,NCLT,2012-02-12,25546,1.7,1.02,3.37,1.98,98.67,98.04,97.58,97.15,96.61,95.72,93.91,89.86,79.58,49.1
HypLiLoc,NCLT,2012-02-19,26543,1.58,0.93,2.47,1.76,99.33,99.09,98.77,98.13,97.1,96.18,94.6,91.87,83.97,53.95
HypLiLoc,NCLT,2012-03-31,26205,1.47,1.0,2.72,1.79,99.65,99.51,99.31,98.86,98.07,97.12,95.44,92.17,82.66,50.3
HypLiLoc,NCLT,2012-05-26,26240,2.21,1.11,3.33,1.95,97.08,96.65,96.16,95.51,94.62,93.15,90.56,85.21,74.14,45.01
FlashMix,Oxford,15-13-06-37,36109,3.43,2.73,1.93,1.6,98.49,98.33,98.08,97.7,96.57,92.9,82.32,60.35,19.99,1.5
FlashMix,Oxford,17-13-26-39,42778,3.87,3.28,1.93,1.68,98.95,98.64,97.76,96.18,93.52,84.52,71.02,38.26,7.99,0.36
FlashMix,Oxford,17-14-03-00,43705,4.25,3.5,2.29,1.6,98.27,98.09,97.65,96.72,93.85,85.79,63.27,37.88,17.39,2.82
FlashMix,Oxford,18-14-14-42,37109,3.78,2.24,1.94,1.57,99.04,98.96,98.78,98.22,96.24,93.13,86.88,73.1,40.03,7.23
FlashMix,QEOxford,15-13-06-37,36109,2.06,1.35,1.9,1.5,98.88,98.76,98.57,98.32,97.85,96.89,93.63,86.74,69.22,31.09
FlashMix,QEOxford,17-13-26-39,42778,2.09,1.37,1.89,1.6,99.46,99.38,99.25,98.99,98.45,97.26,95.08,88.8,70.18,29.11
FlashMix,QEOxford,17-14-03-00,43705,2.63,1.31,2.42,1.65,98.49,98.35,98.19,97.89,97.11,95.86,93.92,88.71,71.66,30.68
FlashMix,QEOxford,18-14-14-42,37109,2.41,1.28,1.92,1.54,99.35,99.29,99.22,99.13,98.94,98.49,96.85,91.68,74.16,30.71
FlashMix,NCLT,2012-02-12,25546,2.54,1.16,4.59,2.79,98.1,97.65,97.06,96.39,95.57,94.4,92.26,87.63,75.7,42.47
FlashMix,NCLT,2012-02-19,26543,1.82,1.01,3.52,2.56,98.12,97.93,97.66,97.34,96.84,96.12,94.56,91.42,82.58,49.6
FlashMix,NCLT,2012-03-31,26205,1.55,1.04,4.26,2.69,99.01,98.88,98.69,98.47,98.15,97.49,96.06,92.57,82.26,47.91
FlashMix,NCLT,2012-05-26,26240,6.1,1.19,5.5,2.92,96.54,96.27,95.91,95.34,94.5,93.11,90.61,85.74,73.81,41.23
DiffLoc,Oxford,15-13-06-37,36109,3.58,2.96,0.82,0.61,97.75,97.3,96.6,95.38,93.32,89.13,77.84,51.51,18.52,2.56
DiffLoc,Oxford,17-13-26-39,42778,3.76,3.41,0.71,0.58,99.17,98.56,97.71,95.82,90.16,78.79,61.78,39.56,11.46,1.39
DiffLoc,Oxford,17-14-03-00,43705,4.13,3.96,0.67,0.56,98.57,98.04,97.1,94.97,88.48,73.61,51.03,28.66,10.8,1.1
DiffLoc,Oxford,18-14-14-42,37109,2.88,2.65,0.62,0.51,99.38,99.04,98.42,97.32,95.61,92.46,85.68,63.05,26.55,5.7
DiffLoc,QEOxford,15-13-06-37,36109,2.04,1.46,1.04,0.72,98.46,98.35,98.08,97.71,96.96,95.34,92.98,88.07,70.67,28.39
DiffLoc,QEOxford,17-13-26-39,42778,1.93,1.53,0.79,0.69,99.36,99.18,98.9,98.43,97.63,96.31,93.36,85.01,66.62,26.01
DiffLoc,QEOxford,17-14-03-00,43705,2.06,1.58,0.83,0.7,98.87,98.56,98.13,97.55,96.79,94.97,90.68,83.21,64.73,24.66
DiffLoc,QEOxford,18-14-14-42,37109,1.57,1.34,0.83,0.73,99.84,99.81,99.73,99.59,99.29,98.53,97.19,93.12,75.15,33.97
DiffLoc,NCLT,2012-02-12,25546,1.0,0.74,2.48,1.98,99.82,99.39,98.94,98.81,98.66,98.45,98.05,97.0,93.03,67.29
DiffLoc,NCLT,2012-02-19,26543,0.94,0.71,2.23,1.81,99.98,99.97,99.95,99.87,99.72,98.97,98.07,96.74,92.53,69.6
DiffLoc,NCLT,2012-03-31,26205,0.99,0.79,2.35,1.87,99.98,99.97,99.95,99.9,99.82,99.66,99.24,97.54,92.49,64.46
DiffLoc,NCLT,2012-05-26,26240,1.37,0.83,2.48,1.92,98.76,98.7,98.65,98.54,98.16,97.34,95.84,93.03,85.14,59.47
SGLoc,Oxford,15-13-06-37,36109,3.01,2.48,1.91,1.39,99.03,98.87,98.65,98.3,97.49,95.62,90.19,69.35,30.41,2.88
SGLoc,Oxford,17-13-26-39,42778,4.07,3.11,2.07,1.43,99.28,99.0,98.12,96.23,92.14,85.35,73.44,46.68,18.44,2.19
SGLoc,Oxford,17-14-03-00,43705,3.38,3.33,1.96,1.51,99.58,99.46,99.21,98.54,96.08,88.52,67.56,40.69,20.72,4.81
SGLoc,Oxford,18-14-14-42,37109,2.12,1.82,1.66,1.36,99.89,99.84,99.75,99.31,97.84,95.58,90.8,82.18,56.52,17.16
SGLoc,QEOxford,15-13-06-37,36109,1.81,1.07,1.69,1.25,99.17,99.01,98.84,98.62,98.32,97.85,96.69,93.37,84.85,44.93
SGLoc,QEOxford,17-13-26-39,42778,1.91,1.21,1.76,1.21,99.4,99.32,99.21,99.04,98.79,98.38,97.52,94.86,82.21,38.81
SGLoc,QEOxford,17-14-03-00,43705,1.33,1.04,1.59,1.19,99.64,99.54,99.42,99.22,98.89,98.43,97.49,95.19,86.16,47.53
SGLoc,QEOxford,18-14-14-42,37109,1.2,0.98,1.4,1.17,99.91,99.88,99.85,99.77,99.62,99.37,98.61,96.08,87.65,50.96
SGLoc,NCLT,2012-02-12,25546,1.2,0.81,3.09,2.25,99.55,99.05,98.7,98.41,98.09,97.71,97.04,95.48,90.02,62.85
SGLoc,NCLT,2012-02-19,26543,1.21,0.78,3.06,2.16,99.6,99.45,99.24,98.9,98.42,97.95,97.19,95.72,90.63,65.0
SGLoc,NCLT,2012-03-31,26205,1.12,0.82,3.29,2.22,99.66,99.56,99.47,99.31,99.09,98.61,97.83,96.05,90.45,62.51
SGLoc,NCLT,2012-05-26,26240,3.48,1.02,4.43,2.4,98.65,98.46,98.18,97.74,96.99,95.93,94.21,90.95,82.05,49.09
LiSA,Oxford,15-13-06-37,36109,2.36,2.19,1.35,1.07,99.47,99.39,99.27,99.06,98.41,96.85,93.9,80.18,42.23,7.6
LiSA,Oxford,17-13-26-39,42778,3.52,2.89,1.52,1.13,99.53,99.46,99.16,98.11,96.13,90.12,80.6,54.12,19.3,1.12
LiSA,Oxford,17-14-03-00,43705,3.09,3.07,1.44,1.14,99.78,99.72,99.64,99.49,98.2,92.99,76.85,48.42,23.47,3.43
LiSA,Oxford,18-14-14-42,37109,1.96,1.62,1.31,1.08,99.96,99.96,99.94,99.43,98.31,95.9,91.87,86.29,63.9,18.54
LiSA,QEOxford,15-13-06-37,36109,1.0,0.69,1.14,0.95,99.42,99.37,99.3,99.21,99.07,98.87,98.28,96.59,92.01,70.55
LiSA,QEOxford,17-13-26-39,42778,1.24,0.74,1.23,0.96,99.69,99.64,99.6,99.57,99.51,99.43,99.22,98.79,95.24,68.96
LiSA,QEOxford,17-14-03-00,43705,0.85,0.69,1.15,0.95,99.94,99.92,99.89,99.86,99.78,99.67,99.46,98.89,95.68,72.49
LiSA,QEOxford,18-14-14-42,37109,0.86,0.71,1.11,1.0,100.0,100.0,100.0,99.99,99.96,99.94,99.71,98.49,94.83,72.52
LiSA,NCLT,2012-02-12,25546,0.98,0.71,2.24,1.84,99.92,99.53,99.04,98.94,98.85,98.73,98.53,97.98,93.66,68.88
LiSA,NCLT,2012-02-19,26543,0.93,0.69,2.11,1.69,99.88,99.82,99.69,99.43,99.17,98.97,98.72,97.89,94.26,70.4
LiSA,NCLT,2012-03-31,26205,0.88,0.71,2.22,1.73,99.93,99.92,99.89,99.82,99.76,99.66,99.41,98.82,95.06,69.85
LiSA,NCLT,2012-05-26,26240,3.12,0.76,2.71,1.75,99.34,99.32,99.28,99.18,99.08,98.87,98.51,97.36,91.76,64.57
RALoc,Oxford,15-13-06-37,36109,3.15,2.77,4.25,3.44,98.95,98.69,98.27,97.37,95.33,90.88,79.99,56.98,26.43,4.25
RALoc,Oxford,17-13-26-39,42778,3.85,3.22,3.98,3.32,99.64,99.46,98.98,97.4,93.01,84.43,71.3,42.73,15.17,1.43
RALoc,Oxford,17-14-03-00,43705,3.32,3.17,3.92,3.38,99.68,99.44,98.89,97.64,94.71,88.0,71.74,45.03,19.21,4.4
RALoc,Oxford,18-14-14-42,37109,2.59,2.22,3.81,3.3,99.78,99.61,99.17,98.07,96.04,91.96,84.7,71.18,42.67,9.48
RALoc,QEOxford,15-13-06-37,36109,1.53,1.41,1.28,1.05,99.58,99.52,99.47,99.4,99.32,99.16,98.53,96.24,82.9,25.17
RALoc,QEOxford,17-13-26-39,42778,1.72,1.4,1.27,0.98,99.82,99.79,99.74,99.69,99.63,99.53,99.25,98.09,82.38,24.82
RALoc,QEOxford,17-14-03-00,43705,1.38,1.3,1.21,1.03,99.99,99.98,99.97,99.96,99.91,99.78,99.51,98.34,87.12,29.04
RALoc,QEOxford,18-14-14-42,37109,1.42,1.32,1.24,1.08,99.99,99.99,99.99,99.98,99.95,99.89,99.63,97.31,84.15,28.59
RALoc,NCLT,2012-02-12,25546,1.62,1.2,4.71,2.48,99.27,98.83,98.39,98.04,97.57,96.72,95.06,91.3,81.22,37.84
RALoc,NCLT,2012-02-19,26543,1.61,1.16,4.88,2.34,99.4,99.26,99.08,98.79,98.26,97.28,95.21,90.85,80.5,40.0
RALoc,NCLT,2012-03-31,26205,1.59,1.22,4.72,2.47,99.53,99.42,99.26,98.96,98.48,97.54,95.47,90.37,79.17,37.7
RALoc,NCLT,2012-05-26,26240,6.38,1.29,6.26,2.73,97.94,97.62,97.27,96.73,95.87,94.5,91.75,86.58,74.2,34.07
LightLoc,Oxford,15-13-06-37,36099,2.33,2.14,1.2,0.98,99.56,99.45,99.32,99.17,98.49,97.11,93.94,79.74,43.03,10.49
LightLoc,Oxford,17-13-26-39,42768,3.12,2.76,1.27,1.01,99.77,99.68,99.37,98.34,95.28,89.29,82.54,58.69,24.39,2.12
LightLoc,Oxford,17-14-03-00,43695,3.01,3.05,1.24,1.03,99.91,99.88,99.78,99.62,98.16,93.48,79.21,48.45,26.84,4.44
LightLoc,Oxford,18-14-14-42,37099,2.06,1.61,1.2,0.97,99.93,99.91,99.74,99.1,98.17,96.23,91.51,85.53,64.61,22.22
LightLoc,QEOxford,15-13-06-37,36099,0.83,0.58,1.12,0.92,99.74,99.62,99.52,99.42,99.27,99.06,98.5,97.67,93.95,80.29
LightLoc,QEOxford,17-13-26-39,42768,0.77,0.59,1.07,0.84,99.87,99.82,99.72,99.64,99.56,99.42,99.23,98.85,97.22,81.57
LightLoc,QEOxford,17-14-03-00,43695,0.73,0.6,1.11,0.93,99.98,99.96,99.95,99.92,99.86,99.78,99.63,99.32,97.65,80.93
LightLoc,QEOxford,18-14-14-42,37099,0.82,0.6,1.15,0.99,99.96,99.95,99.95,99.93,99.9,99.85,99.67,98.84,96.16,80.61
LightLoc,NCLT,2012-02-12,25536,1.04,0.56,2.91,2.0,99.44,99.09,98.65,98.4,98.19,97.91,97.43,96.37,93.26,77.59
LightLoc,NCLT,2012-02-19,26533,0.93,0.52,2.64,1.85,98.89,98.79,98.72,98.66,98.53,98.29,97.88,97.0,94.32,79.83
LightLoc,NCLT,2012-03-31,26195,0.86,0.56,2.78,1.95,99.78,99.74,99.66,99.58,99.39,99.06,98.38,96.99,93.73,78.01
LightLoc,NCLT,2012-05-26,26229,2.94,0.64,3.18,1.99,99.17,99.11,99.02,98.9,98.7,98.38,97.68,96.21,91.95,73.17
GTR-Loc,Oxford,15-13-06-37,36099,2.29,2.11,1.17,0.94,99.64,99.51,99.37,99.18,98.68,97.45,94.47,80.74,44.77,11.04
GTR-Loc,Oxford,17-13-26-39,42768,3.07,2.74,1.21,0.95,99.76,99.69,99.4,98.64,95.38,89.48,82.71,59.82,23.79,2.09
GTR-Loc,Oxford,17-14-03-00,43695,2.99,3.03,1.2,0.96,99.99,99.98,99.93,99.77,98.3,93.81,79.82,49.18,25.63,4.94
GTR-Loc,Oxford,18-14-14-42,37099,2.0,1.57,1.18,0.98,99.94,99.92,99.72,99.05,98.15,96.25,91.78,85.75,65.27,22.99
GTR-Loc,QEOxford,15-13-06-37,36099,0.77,0.55,1.02,0.86,99.78,99.68,99.52,99.4,99.29,99.13,98.6,97.81,94.72,82.82
GTR-Loc,QEOxford,17-13-26-39,42768,0.77,0.56,1.01,0.8,99.85,99.78,99.73,99.66,99.59,99.5,99.36,99.13,97.83,83.69
GTR-Loc,QEOxford,17-14-03-00,43695,0.67,0.56,1.01,0.86,100.0,99.99,99.99,99.97,99.95,99.9,99.83,99.57,98.58,84.09
GTR-Loc,QEOxford,18-14-14-42,37099,0.8,0.57,1.07,0.92,99.96,99.96,99.94,99.93,99.92,99.89,99.73,99.08,96.87,83.62
GTR-Loc,NCLT,2012-02-12,25536,0.71,0.42,2.43,1.83,99.72,99.28,98.84,98.74,98.67,98.52,98.31,97.72,96.25,87.65
GTR-Loc,NCLT,2012-02-19,26533,0.82,0.53,2.55,1.82,99.77,99.69,99.57,99.43,99.27,99.02,98.62,97.57,94.41,79.61
GTR-Loc,NCLT,2012-03-31,26195,0.62,0.43,2.33,1.75,99.92,99.9,99.87,99.83,99.74,99.61,99.41,98.63,96.82,87.6
GTR-Loc,NCLT,2012-05-26,26229,2.59,0.5,2.67,1.81,99.37,99.35,99.31,99.24,99.14,98.93,98.57,97.67,95.13,82.87
